School LEA,School Name,Overall Actual Grad,Overall Expected Grad,Overall Graduation Rate,Hispanic Actual Grad,Hispanic Expected Grad,Hispanic Overall Grad Rate,Native American Actual Grad,Native American Expected Grad,Native American Overall Grad Rate,Asian Actual Grad,Asian Expected Grad,Asian Overall Grad Rate,African American Actual Grad,African American Expected Grad,African American Overall Grad Rate,Hawaiian/Pacific Islander Actual Grad,Hawaiian/Pacific Islander Expected Grad,Hawaiian/Pacific Islander Overall Grad Rate,Caucasian Actual Grad,Caucasian Expected Grad,Caucasian Overall Grad Rate,Two or More Actual Grad,Two or More Expected Grad,Two or More Overall Grad Rate,Economic Disadvantage Actual Grad,Economic Disadvantage Expected Grad,Economic Disadvantage Overall Grad Rate,SPED Actual Grad,SPED Expected Grad,SPED Overall Grad Rate,Migrant Actual Grad,Migrant Expected Grad,Migrant Overall Grad Rate,LEP Actual Grad,LEP Expected Grad,LEP Overall Grad Rate,TAGG Actual Grad,TAGG Expected Grad,TAGG Overall Grad Rate
101004,Dewitt High School,89,101,88.12,0,0,0.00,0,0,0.00,RV,RV,RV,22,24,91.67,0,0,0.00,65,75,86.67,RV,RV,RV,45,52,86.54,13,14,92.86,0,0,0.00,0,0,0.00,49,56,87.50
104025,Stuttgart High School,118,144,81.94,RV,RV,RV,0,0,0.00,RV,RV,RV,53,74,71.62,0,0,0.00,58,61,95.08,RV,RV,RV,55,73,75.34,RV,RV,RV,0,0,0.00,RV,RV,RV,57,75,76.00
201006,Crossett High School,115,149,77.18,RV,RV,RV,0,0,0.00,RV,RV,RV,45,58,77.59,0,0,0.00,68,88,77.27,0,0,0.00,54,69,78.26,RV,RV,RV,0,0,0.00,RV,RV,RV,58,74,78.38
203018,Hamburg High School,120,139,86.33,11,12,91.67,0,0,0.00,RV,RV,RV,37,44,84.09,0,0,0.00,71,82,86.59,0,0,0.00,63,77,81.82,RV,RV,RV,RV,RV,RV,10,11,90.91,67,81,82.72
302007,Cotter High School,43,45,95.56,0,0,0.00,0,0,0.00,RV,RV,100.00,0,0,0.00,0,0,0.00,42,44,95.45,0,0,0.00,27,28,96.43,RV,RV,RV,0,0,0.00,0,0,0.00,28,29,96.55
303703,Mountain Home Career Academies,240,285,84.21,13,13,100.00,0,0,0.00,RV,RV,RV,0,0,0.00,0,0,0.00,219,261,83.91,RV,RV,RV,101,127,79.53,8,12,66.67,0,0,0.00,RV,RV,RV,103,131,78.63
304022,Norfork High School,34,35,97.14,RV,RV,RV,0,0,0.00,0,0,0.00,0,0,0.00,0,0,0.00,32,32,100.00,RV,RV,RV,29,30,96.67,RV,RV,RV,0,0,0.00,0,0,0.00,29,30,96.67
401003,Bentonville High School,897,1011,88.72,102,117,87.18,12,17,70.59,33,33,100.00,27,31,87.10,RV,RV,RV,677,762,88.85,41,46,89.13,131,183,71.58,61,83,73.49,0,0,0.00,21,24,87.50,182,244,74.59
402009,Decatur High School,36,44,81.82,12,12,100.00,RV,RV,RV,RV,RV,RV,RV,RV,RV,0,0,0.00,19,25,76.00,0,0,0.00,25,28,89.29,RV,RV,RV,RV,RV,RV,RV,RV,RV,27,30,90.00
403014,Gentry High School,97,113,85.84,16,21,76.19,RV,RV,RV,RV,RV,RV,0,0,0.00,0,0,0.00,55,65,84.62,14,14,100.00,42,54,77.78,8,10,80.00,RV,RV,RV,RV,RV,RV,46,58,79.31
404022,Gravette High School,132,159,83.02,9,10,90.00,RV,RV,RV,RV,RV,RV,0,0,0.00,RV,RV,RV,117,138,84.78,RV,RV,RV,36,52,69.23,11,14,78.57,0,0,0.00,7,10,70.00,44,60,73.33
405048,Rogers High School,491,529,92.82,202,222,90.99,RV,RV,RV,11,11,100.00,10,10,100.00,RV,RV,RV,252,267,94.38,10,11,90.91,237,258,91.86,35,41,85.37,RV,RV,RV,125,139,89.93,261,289,90.31
405052,Rogers Heritage High School,479,528,90.72,185,200,92.50,RV,RV,RV,10,10,100.00,RV,RV,RV,RV,RV,RV,256,285,89.82,14,15,93.33,265,295,89.83,57,64,89.06,RV,RV,RV,127,136,93.38,292,324,90.12
406050,Siloam Springs High School,288,324,88.89,81,89,91.01,17,24,70.83,RV,RV,RV,RV,RV,RV,RV,RV,RV,176,193,91.19,RV,RV,RV,121,138,87.68,19,20,95.00,RV,RV,RV,51,53,96.23,137,155,88.39
407027,Pea Ridge High School,91,106,85.85,RV,RV,RV,RV,RV,RV,0,0,0.00,RV,RV,RV,0,0,0.00,85,99,85.86,0,0,0.00,25,34,73.53,RV,RV,RV,0,0,0.00,RV,RV,RV,26,35,74.29
407703,Pea Ridge Manufacturing & Business Academy,30,31,96.77,RV,RV,RV,0,0,0.00,0,0,0.00,0,0,0.00,0,0,0.00,27,28,96.43,0,0,0.00,16,16,100.00,RV,RV,RV,0,0,0.00,0,0,0.00,18,18,100.00
440703,Arkansas Arts Academy High School,57,59,96.61,RV,RV,RV,RV,RV,RV,RV,RV,RV,RV,RV,RV,0,0,0.00,47,49,95.92,0,0,0.00,13,13,100.00,RV,RV,RV,0,0,0.00,RV,RV,RV,20,20,100.00
501002,Alpena High School,25,28,89.29,0,0,0.00,0,0,0.00,0,0,0.00,0,0,0.00,0,0,0.00,24,27,88.89,RV,RV,RV,13,15,86.67,RV,RV,RV,0,0,0.00,0,0,0.00,13,15,86.67
502007,Bergman High School,79,83,95.18,RV,RV,RV,0,0,0.00,0,0,0.00,0,0,0.00,0,0,0.00,76,80,95.00,0,0,0.00,30,32,93.75,RV,RV,RV,0,0,0.00,0,0,0.00,34,36,94.44
503016,Harrison High School,199,221,90.05,RV,RV,RV,0,0,0.00,RV,RV,RV,RV,RV,RV,0,0,0.00,190,212,89.62,0,0,0.00,75,92,81.52,10,10,100.00,0,0,0.00,0,0,0.00,80,97,82.47
504023,Omaha High School,28,34,82.35,RV,RV,RV,RV,RV,RV,0,0,0.00,0,0,0.00,0,0,0.00,24,30,80.00,0,0,0.00,16,19,84.21,RV,RV,RV,0,0,0.00,0,0,0.00,16,19,84.21
505027,Valley Springs High School,72,76,94.74,RV,RV,RV,RV,RV,RV,RV,RV,RV,0,0,0.00,0,0,0.00,69,72,95.83,RV,RV,RV,28,30,93.33,RV,RV,RV,0,0,0.00,0,0,0.00,34,36,94.44
506032,Lead Hill High School,25,30,83.33,0,0,0.00,0,0,0.00,RV,RV,RV,0,0,0.00,0,0,0.00,21,26,80.77,0,0,0.00,25,30,83.33,RV,RV,RV,RV,RV,RV,0,0,0.00,25,30,83.33
601007,Hermitage High School,34,43,79.07,10,14,71.43,0,0,0.00,0,0,0.00,RV,RV,RV,0,0,0.00,19,23,82.61,0,0,0.00,23,29,79.31,RV,RV,RV,RV,RV,RV,RV,RV,RV,24,32,75.00
602014,Warren High School,108,131,82.44,18,24,75.00,RV,RV,RV,0,0,0.00,35,45,77.78,0,0,0.00,54,60,90.00,0,0,0.00,63,77,81.82,RV,RV,RV,RV,RV,RV,RV,RV,RV,65,80,81.25
701002,Hampton High School,31,33,93.94,RV,RV,RV,0,0,0.00,0,0,0.00,10,11,90.91,0,0,0.00,19,20,95.00,0,0,0.00,23,25,92.00,RV,RV,RV,0,0,0.00,0,0,0.00,24,26,92.31
801002,Berryville High School,116,143,81.12,24,28,85.71,0,0,0.00,0,0,0.00,RV,RV,RV,RV,RV,RV,90,109,82.57,0,0,0.00,49,64,76.56,8,16,50.00,RV,RV,RV,9,10,90.00,57,76,75.00
802007,Eureka Springs High School,41,58,70.69,6,11,54.55,RV,RV,RV,0,0,0.00,0,0,0.00,0,0,0.00,33,45,73.33,0,0,0.00,23,31,74.19,RV,RV,RV,RV,RV,RV,RV,RV,RV,23,33,69.70
803012,Green Forest High School,91,109,83.49,43,47,91.49,0,0,0.00,0,0,0.00,0,0,0.00,0,0,0.00,48,62,77.42,0,0,0.00,63,79,79.75,RV,RV,RV,RV,RV,RV,20,23,86.96,65,81,80.25
901003,Dermott High School,27,27,100.00,RV,RV,RV,0,0,0.00,0,0,0.00,25,25,100.00,0,0,0.00,RV,RV,RV,0,0,0.00,25,25,100.00,RV,RV,RV,0,0,0.00,RV,RV,RV,25,25,100.00
903018,Lakeside High School,63,68,92.65,RV,RV,RV,0,0,0.00,0,0,0.00,52,56,92.86,0,0,0.00,RV,RV,RV,0,0,0.00,61,64,95.31,RV,RV,RV,0,0,0.00,RV,RV,RV,61,64,95.31
1002010,Arkadelphia High School,107,144,74.31,RV,RV,RV,0,0,0.00,0,0,0.00,40,52,76.92,0,0,0.00,62,82,75.61,RV,RV,RV,43,62,69.35,RV,RV,RV,0,0,0.00,0,0,0.00,44,64,68.75
1003018,Gurdon High School,52,66,78.79,7,10,70.00,RV,RV,RV,RV,RV,RV,17,18,94.44,0,0,0.00,27,35,77.14,RV,RV,RV,37,44,84.09,RV,RV,RV,0,0,0.00,0,0,0.00,38,48,79.17
1101004,Corning High School,56,56,100.00,0,0,0.00,0,0,0.00,0,0,0.00,0,0,0.00,0,0,0.00,56,56,100.00,0,0,0.00,33,33,100.00,RV,RV,RV,0,0,0.00,0,0,0.00,34,34,100.00
1104018,Piggott High School,60,63,95.24,0,0,0.00,0,0,0.00,0,0,0.00,0,0,0.00,0,0,0.00,60,63,95.24,0,0,0.00,21,21,100.00,RV,RV,RV,0,0,0.00,0,0,0.00,22,22,100.00
1106023,Rector High School,29,32,90.63,0,0,0.00,0,0,0.00,0,0,0.00,0,0,0.00,0,0,0.00,29,32,90.63,0,0,0.00,16,19,84.21,RV,RV,RV,RV,RV,RV,0,0,0.00,17,20,85.00
1201002,Concord High School,33,33,100.00,RV,RV,RV,0,0,0.00,0,0,0.00,0,0,0.00,0,0,0.00,32,32,100.00,0,0,0.00,23,23,100.00,RV,RV,RV,0,0,0.00,0,0,0.00,23,23,100.00
1202006,Heber Springs High School,128,146,87.67,RV,RV,RV,RV,RV,RV,RV,RV,RV,RV,RV,RV,0,0,0.00,119,136,87.50,0,0,0.00,43,57,75.44,RV,RV,RV,RV,RV,RV,RV,RV,RV,44,58,75.86
1203011,Quitman High School,53,55,96.36,RV,RV,RV,0,0,0.00,0,0,0.00,0,0,0.00,0,0,0.00,50,52,96.15,RV,RV,RV,17,18,94.44,RV,RV,RV,RV,RV,RV,0,0,0.00,18,19,94.74
1204015,West Side High School,32,32,100.00,RV,RV,RV,0,0,0.00,RV,RV,RV,0,0,0.00,0,0,0.00,29,29,100.00,0,0,0.00,13,13,100.00,RV,RV,RV,0,0,0.00,0,0,0.00,15,15,100.00
1304015,Woodlawn High School,45,48,93.75,RV,RV,RV,0,0,0.00,0,0,0.00,0,0,0.00,0,0,0.00,44,47,93.62,0,0,0.00,13,13,100.00,RV,RV,RV,0,0,0.00,RV,RV,RV,15,15,100.00
1305010,Rison High School,41,44,93.18,RV,RV,RV,0,0,0.00,0,0,0.00,14,14,100.00,0,0,0.00,26,29,89.66,0,0,0.00,23,25,92.00,RV,RV,RV,0,0,0.00,0,0,0.00,24,26,92.31
1402009,Magnolia High School,190,203,93.60,RV,RV,RV,0,0,0.00,0,0,0.00,96,106,90.57,0,0,0.00,86,89,96.63,RV,RV,RV,113,118,95.76,10,11,90.91,RV,RV,RV,RV,RV,RV,114,120,95.00
1408002,Emerson High School,15,24,62.50,0,0,0.00,RV,RV,RV,RV,RV,RV,RV,RV,RV,0,0,0.00,11,18,61.11,0,0,0.00,RV,RV,RV,RV,RV,RV,0,0,0.00,0,0,0.00,RV,RV,RV
1408007,Bradley High School,29,29,100.00,0,0,0.00,0,0,0.00,0,0,0.00,12,12,100.00,0,0,0.00,17,17,100.00,0,0,0.00,16,16,100.00,RV,RV,RV,0,0,0.00,0,0,0.00,16,16,100.00
1408019,Taylor High School,16,24,66.67,0,0,0.00,0,0,0.00,0,0,0.00,RV,RV,RV,0,0,0.00,15,21,71.43,0,0,0.00,5,11,45.45,RV,RV,RV,0,0,0.00,0,0,0.00,5,11,45.45
1503017,Nemo Vista High School,32,34,94.12,0,0,0.00,0,0,0.00,0,0,0.00,RV,RV,RV,0,0,0.00,29,31,93.55,RV,RV,RV,10,12,83.33,RV,RV,RV,0,0,0.00,0,0,0.00,10,12,83.33
1505026,Wonderview High School,30,32,93.75,RV,RV,RV,RV,RV,RV,0,0,0.00,0,0,0.00,0,0,0.00,28,30,93.33,0,0,0.00,11,12,91.67,RV,RV,RV,0,0,0.00,0,0,0.00,12,13,92.31
1507036,Morrilton Sr. High School,166,186,89.25,13,13,100.00,RV,RV,RV,RV,RV,RV,41,46,89.13,RV,RV,RV,106,120,88.33,RV,RV,RV,77,94,81.91,RV,RV,RV,0,0,0.00,RV,RV,RV,81,98,82.65
1601002,Bay High School,36,43,83.72,0,0,0.00,0,0,0.00,0,0,0.00,RV,RV,RV,RV,RV,RV,33,40,82.50,0,0,0.00,16,21,76.19,RV,RV,RV,RV,RV,RV,0,0,0.00,18,24,75.00
1602055,Westside High School,99,123,80.49,RV,RV,RV,0,0,0.00,0,0,0.00,RV,RV,RV,0,0,0.00,94,117,80.34,RV,RV,RV,47,60,78.33,11,12,91.67,RV,RV,RV,0,0,0.00,50,64,78.13
1603007,Brookland High School,114,121,94.21,RV,RV,RV,0,0,0.00,0,0,0.00,0,0,0.00,0,0,0.00,110,117,94.02,RV,RV,RV,31,33,93.94,9,11,81.82,0,0,0.00,RV,RV,RV,35,38,92.11
1605063,Buffalo Is. Central HS,49,53,92.45,10,10,100.00,0,0,0.00,0,0,0.00,0,0,0.00,0,0,0.00,39,43,90.70,0,0,0.00,21,23,91.30,RV,RV,RV,RV,RV,RV,RV,RV,RV,23,25,92.00
1608703,The Academies At Jonesboro High School,345,379,91.03,29,34,85.29,0,0,0.00,RV,RV,RV,147,166,88.55,0,0,0.00,167,176,94.89,RV,RV,RV,175,196,89.29,32,32,100.00,RV,RV,RV,RV,RV,RV,187,208,89.90
1611042,Nettleton High School,221,238,92.86,18,18,100.00,RV,RV,RV,RV,RV,RV,67,74,90.54,0,0,0.00,127,137,92.70,RV,RV,RV,104,114,91.23,20,21,95.24,RV,RV,RV,RV,RV,RV,112,123,91.06
1612048,Valley View High School,173,180,96.11,RV,RV,RV,0,0,0.00,RV,RV,RV,RV,RV,RV,0,0,0.00,163,170,95.88,RV,RV,RV,32,33,96.97,10,10,100.00,0,0,0.00,0,0,0.00,37,38,97.37
1613021,Riverside High School,51,56,91.07,RV,RV,RV,0,0,0.00,0,0,0.00,RV,RV,RV,0,0,0.00,49,54,90.74,0,0,0.00,29,32,90.63,10,11,90.91,0,0,0.00,0,0,0.00,32,36,88.89
1701002,Alma High School,237,266,89.10,RV,RV,RV,RV,RV,RV,RV,RV,RV,RV,RV,RV,0,0,0.00,214,241,88.80,RV,RV,RV,109,131,83.21,25,25,100.00,0,0,0.00,0,0,0.00,115,137,83.94
1702009,Cedarville High School,62,67,92.54,RV,RV,RV,RV,RV,RV,0,0,0.00,0,0,0.00,0,0,0.00,51,56,91.07,RV,RV,RV,60,65,92.31,9,11,81.82,RV,RV,RV,0,0,0.00,60,65,92.31
1703013,Mountainburg High School,30,37,81.08,0,0,0.00,RV,RV,RV,0,0,0.00,0,0,0.00,0,0,0.00,29,36,80.56,0,0,0.00,14,20,70.00,RV,RV,RV,RV,RV,RV,0,0,0.00,15,21,71.43
1704017,Mulberry High School,25,27,92.59,0,0,0.00,0,0,0.00,0,0,0.00,0,0,0.00,0,0,0.00,25,27,92.59,0,0,0.00,8,10,80.00,RV,RV,RV,0,0,0.00,0,0,0.00,8,10,80.00
1705027,Van Buren High School,372,442,84.16,67,75,89.33,RV,RV,RV,14,15,93.33,RV,RV,RV,0,0,0.00,256,315,81.27,24,25,96.00,188,232,81.03,26,29,89.66,RV,RV,RV,19,20,95.00,197,242,81.40
1802007,Earle High School,47,60,78.33,0,0,0.00,0,0,0.00,0,0,0.00,46,59,77.97,0,0,0.00,RV,RV,RV,0,0,0.00,47,56,83.93,RV,RV,RV,RV,RV,RV,0,0,0.00,47,56,83.93
1803703,The Academies Of West Memphis Charter School,344,402,85.57,RV,RV,RV,0,0,0.00,RV,RV,RV,277,325,85.23,0,0,0.00,60,69,86.96,RV,RV,RV,341,384,88.80,49,54,90.74,RV,RV,RV,RV,RV,RV,341,384,88.80
1804015,Marion High School,261,298,87.58,RV,RV,RV,RV,RV,RV,RV,RV,RV,142,157,90.45,0,0,0.00,108,127,85.04,RV,RV,RV,138,162,85.19,30,33,90.91,0,0,0.00,RV,RV,RV,147,172,85.47
1901703,Cross Cnty High A New Tech Sch,39,47,82.98,0,0,0.00,0,0,0.00,0,0,0.00,RV,RV,RV,0,0,0.00,36,43,83.72,0,0,0.00,27,34,79.41,RV,RV,RV,RV,RV,RV,0,0,0.00,28,35,80.00
1905017,Wynne High School,172,206,83.50,0,0,0.00,0,0,0.00,RV,RV,RV,50,68,73.53,0,0,0.00,120,136,88.24,0,0,0.00,84,103,81.55,20,25,80.00,RV,RV,RV,0,0,0.00,93,113,82.30
2002007,Fordyce High School,61,67,91.04,RV,RV,RV,0,0,0.00,0,0,0.00,34,36,94.44,0,0,0.00,25,29,86.21,0,0,0.00,32,35,91.43,RV,RV,RV,0,0,0.00,RV,RV,RV,35,38,92.11
2104021,Dumas High School,89,104,85.58,RV,RV,RV,0,0,0.00,RV,RV,RV,57,65,87.69,0,0,0.00,22,29,75.86,0,0,0.00,54,65,83.08,12,13,92.31,RV,RV,RV,RV,RV,RV,58,70,82.86
2105028,McGehee High School,75,91,82.42,RV,RV,RV,RV,RV,RV,RV,RV,RV,29,36,80.56,0,0,0.00,43,52,82.69,0,0,0.00,46,54,85.19,8,11,72.73,0,0,0.00,0,0,0.00,47,55,85.45
2202005,Drew Central High School,59,73,80.82,RV,RV,RV,RV,RV,RV,0,0,0.00,16,19,84.21,0,0,0.00,38,48,79.17,0,0,0.00,31,41,75.61,RV,RV,RV,RV,RV,RV,RV,RV,RV,32,42,76.19
2203012,Monticello High School,151,170,88.82,RV,RV,RV,0,0,0.00,RV,RV,RV,54,61,88.52,0,0,0.00,92,103,89.32,0,0,0.00,62,73,84.93,RV,RV,RV,0,0,0.00,RV,RV,RV,65,76,85.53
2301006,Conway High School,581,693,83.84,43,51,84.31,RV,RV,RV,11,11,100.00,158,202,78.22,0,0,0.00,365,425,85.88,RV,RV,RV,189,252,75.00,53,72,73.61,0,0,0.00,12,14,85.71,210,280,75.00
2303017,Greenbrier High School,245,259,94.59,RV,RV,RV,RV,RV,RV,0,0,0.00,RV,RV,RV,RV,RV,RV,227,240,94.58,RV,RV,RV,61,71,85.92,24,28,85.71,RV,RV,RV,RV,RV,RV,78,89,87.64
2304022,Guy-Perkins High School,31,33,93.94,0,0,0.00,0,0,0.00,0,0,0.00,RV,RV,RV,0,0,0.00,26,28,92.86,0,0,0.00,19,20,95.00,RV,RV,RV,0,0,0.00,0,0,0.00,20,21,95.24
2305026,Mayflower High School,81,84,96.43,RV,RV,RV,0,0,0.00,0,0,0.00,RV,RV,RV,0,0,0.00,72,75,96.00,0,0,0.00,34,36,94.44,12,13,92.31,0,0,0.00,0,0,0.00,37,39,94.87
2306030,Mt. Vernon/Enola High School,32,36,88.89,RV,RV,RV,RV,RV,RV,RV,RV,RV,0,0,0.00,0,0,0.00,30,33,90.91,0,0,0.00,16,18,88.89,0,0,0.00,0,0,0.00,0,0,0.00,16,18,88.89
2307034,Vilonia High School,210,219,95.89,RV,RV,RV,0,0,0.00,0,0,0.00,RV,RV,RV,0,0,0.00,205,213,96.24,0,0,0.00,75,80,93.75,24,28,85.71,0,0,0.00,RV,RV,RV,93,100,93.00
2402007,Charleston High School,77,83,92.77,RV,RV,RV,0,0,0.00,0,0,0.00,0,0,0.00,0,0,0.00,73,79,92.41,RV,RV,RV,19,22,86.36,RV,RV,RV,0,0,0.00,0,0,0.00,21,24,87.50
2403012,County Line High School,38,40,95.00,0,0,0.00,RV,RV,RV,RV,RV,RV,0,0,0.00,0,0,0.00,35,37,94.59,0,0,0.00,18,20,90.00,RV,RV,RV,0,0,0.00,0,0,0.00,19,21,90.48
2404017,Ozark High School,118,139,84.89,RV,RV,RV,0,0,0.00,RV,RV,RV,RV,RV,RV,RV,RV,RV,112,131,85.50,RV,RV,RV,45,59,76.27,11,11,100.00,0,0,0.00,0,0,0.00,50,64,78.13
2501002,Mammoth Spring High School,33,33,100.00,0,0,0.00,0,0,0.00,0,0,0.00,0,0,0.00,0,0,0.00,32,32,100.00,RV,RV,RV,19,19,100.00,RV,RV,RV,0,0,0.00,0,0,0.00,19,19,100.00
2502006,Salem High School,57,58,98.28,RV,RV,RV,RV,RV,RV,0,0,0.00,0,0,0.00,0,0,0.00,51,52,98.08,RV,RV,RV,36,37,97.30,RV,RV,RV,RV,RV,RV,0,0,0.00,37,38,97.37
2503010,Viola High School,33,33,100.00,RV,RV,RV,0,0,0.00,0,0,0.00,0,0,0.00,0,0,0.00,31,31,100.00,0,0,0.00,18,18,100.00,RV,RV,RV,0,0,0.00,0,0,0.00,19,19,100.00
2601002,Cutter-morning Star High Sch.,42,47,89.36,RV,RV,RV,0,0,0.00,0,0,0.00,0,0,0.00,0,0,0.00,38,41,92.68,0,0,0.00,26,29,89.66,RV,RV,RV,0,0,0.00,RV,RV,RV,28,31,90.32
2602006,Fountain Lake High School,92,103,89.32,RV,RV,RV,RV,RV,RV,0,0,0.00,RV,RV,RV,0,0,0.00,83,93,89.25,RV,RV,RV,30,35,85.71,RV,RV,RV,0,0,0.00,RV,RV,RV,34,41,82.93
2603013,Summit School,21,74,28.38,RV,RV,RV,0,0,0.00,RV,RV,RV,14,45,31.11,0,0,0.00,3,23,13.04,RV,RV,RV,8,38,21.05,RV,RV,RV,0,0,0.00,0,0,0.00,10,40,25.00
2603021,Hot Springs High School,133,184,72.28,18,24,75.00,RV,RV,RV,0,0,0.00,64,87,73.56,0,0,0.00,46,68,67.65,RV,RV,RV,92,126,73.02,29,35,82.86,0,0,0.00,12,15,80.00,104,140,74.29
2604030,Jessieville High School,63,67,94.03,18,19,94.74,0,0,0.00,RV,RV,RV,RV,RV,RV,0,0,0.00,41,44,93.18,0,0,0.00,62,63,98.41,RV,RV,RV,0,0,0.00,0,0,0.00,62,64,96.88
2605034,Lake Hamilton High School,317,365,86.85,25,31,80.65,RV,RV,RV,RV,RV,RV,13,14,92.86,0,0,0.00,262,300,87.33,12,14,85.71,119,142,83.80,26,33,78.79,0,0,0.00,12,16,75.00,136,163,83.44
2606044,Lakeside High School,210,244,86.07,14,14,100.00,0,0,0.00,RV,RV,RV,24,31,77.42,RV,RV,RV,160,186,86.02,RV,RV,RV,55,72,76.39,17,19,89.47,0,0,0.00,0,0,0.00,62,80,77.50
2607047,Mountain Pine High School,25,35,71.43,RV,RV,RV,0,0,0.00,RV,RV,RV,RV,RV,RV,0,0,0.00,22,27,81.48,RV,RV,RV,12,21,57.14,RV,RV,RV,0,0,0.00,0,0,0.00,13,22,59.09
2703010,Poyen High School,50,52,96.15,RV,RV,RV,0,0,0.00,0,0,0.00,0,0,0.00,0,0,0.00,48,50,96.00,0,0,0.00,28,29,96.55,RV,RV,RV,RV,RV,RV,0,0,0.00,31,32,96.88
2705021,Sheridan High School,258,295,87.46,RV,RV,RV,0,0,0.00,RV,RV,RV,12,13,92.31,0,0,0.00,241,273,88.28,0,0,0.00,82,103,79.61,18,20,90.00,0,0,0.00,RV,RV,RV,93,115,80.87
2803017,Marmaduke High School,59,64,92.19,RV,RV,RV,0,0,0.00,0,0,0.00,RV,RV,100.00,0,0,0.00,57,62,91.94,0,0,0.00,24,26,92.31,RV,RV,RV,0,0,0.00,0,0,0.00,26,29,89.66
2807008,Greene Co. Tech High School,225,243,92.59,RV,RV,RV,0,0,0.00,RV,RV,RV,RV,RV,RV,0,0,0.00,214,231,92.64,0,0,0.00,101,111,90.99,21,25,84.00,RV,RV,RV,RV,RV,RV,109,120,90.83
2808043,Paragould High School,141,161,87.58,RV,RV,RV,0,0,0.00,0,0,0.00,RV,RV,RV,0,0,0.00,122,142,85.92,RV,RV,RV,61,75,81.33,11,15,73.33,0,0,0.00,RV,RV,RV,65,79,82.28
2901002,Blevins High School,38,44,86.36,RV,RV,RV,0,0,0.00,0,0,0.00,RV,RV,RV,0,0,0.00,25,30,83.33,0,0,0.00,28,32,87.50,RV,RV,RV,0,0,0.00,RV,RV,RV,29,33,87.88
2903012,Hope High School,112,170,65.88,29,42,69.05,0,0,0.00,0,0,0.00,52,79,65.82,0,0,0.00,31,49,63.27,0,0,0.00,78,122,63.93,8,10,80.00,RV,RV,RV,RV,RV,RV,79,123,64.23
2906026,Spring Hill High School,40,48,83.33,0,0,0.00,0,0,0.00,0,0,0.00,0,0,0.00,0,0,0.00,40,48,83.33,0,0,0.00,18,21,85.71,RV,RV,RV,0,0,0.00,0,0,0.00,18,21,85.71
3001003,Bismarck High School,78,83,93.98,RV,RV,RV,0,0,0.00,0,0,0.00,RV,RV,RV,0,0,0.00,71,76,93.42,0,0,0.00,39,41,95.12,RV,RV,RV,0,0,0.00,0,0,0.00,41,43,95.35
3002009,Glen Rose High School,84,91,92.31,0,0,0.00,0,0,0.00,0,0,0.00,RV,RV,RV,0,0,0.00,83,90,92.22,0,0,0.00,32,36,88.89,12,13,92.31,0,0,0.00,0,0,0.00,37,41,90.24
3003014,Magnet Cove High School,44,45,97.78,RV,RV,RV,0,0,0.00,0,0,0.00,0,0,0.00,0,0,0.00,42,43,97.67,RV,RV,RV,16,17,94.12,RV,RV,RV,0,0,0.00,0,0,0.00,17,18,94.44
3004023,Malvern High School,129,150,86.00,10,11,90.91,0,0,0.00,RV,RV,RV,39,48,81.25,0,0,0.00,73,84,86.90,RV,RV,RV,67,82,81.71,9,12,75.00,0,0,0.00,RV,RV,RV,70,85,82.35
3005030,Ouachita High School,25,28,89.29,0,0,0.00,RV,RV,RV,0,0,0.00,0,0,0.00,0,0,0.00,22,25,88.00,RV,RV,RV,10,12,83.33,RV,RV,RV,0,0,0.00,0,0,0.00,11,13,84.62
3102002,Dierks High School,48,49,97.96,RV,RV,RV,RV,RV,RV,RV,RV,RV,RV,RV,RV,0,0,0.00,40,41,97.56,0,0,0.00,26,26,100.00,RV,RV,RV,RV,RV,RV,RV,RV,RV,26,26,100.00
3104006,Mineral Springs High School,29,32,90.63,RV,RV,RV,0,0,0.00,0,0,0.00,23,23,100.00,0,0,0.00,RV,RV,RV,0,0,0.00,25,27,92.59,RV,RV,RV,0,0,0.00,0,0,0.00,26,28,92.86
3105011,Nashville High School,132,141,93.62,15,17,88.24,0,0,0.00,RV,RV,RV,29,30,96.67,0,0,0.00,83,89,93.26,RV,RV,RV,78,82,95.12,12,13,92.31,RV,RV,RV,RV,RV,RV,84,88,95.45
3201005,Batesville High School,173,200,86.50,27,30,90.00,0,0,0.00,RV,RV,RV,13,17,76.47,0,0,0.00,130,150,86.67,0,0,0.00,58,73,79.45,21,24,87.50,RV,RV,RV,15,15,100.00,72,88,81.82
3209039,Southside High School,104,122,85.25,RV,RV,RV,0,0,0.00,RV,RV,RV,0,0,0.00,0,0,0.00,103,120,85.83,0,0,0.00,49,60,81.67,10,10,100.00,RV,RV,RV,RV,RV,RV,52,63,82.54
3211035,Midland High School,31,34,91.18,0,0,0.00,0,0,0.00,0,0,0.00,0,0,0.00,0,0,0.00,31,34,91.18,0,0,0.00,13,15,86.67,RV,RV,RV,0,0,0.00,0,0,0.00,14,17,82.35
3212027,Cedar Ridge High School,64,71,90.14,RV,RV,RV,0,0,0.00,0,0,0.00,RV,RV,RV,0,0,0.00,62,68,91.18,0,0,0.00,38,43,88.37,10,10,100.00,0,0,0.00,RV,RV,RV,40,45,88.89
3301002,Calico Rock High School,22,24,91.67,0,0,0.00,0,0,0.00,0,0,0.00,0,0,0.00,0,0,0.00,22,24,91.67,0,0,0.00,12,14,85.71,RV,RV,RV,0,0,0.00,0,0,0.00,15,17,88.24
3302006,Melbourne High School,63,71,88.73,RV,RV,RV,0,0,0.00,0,0,0.00,0,0,0.00,0,0,0.00,60,67,89.55,RV,RV,RV,29,33,87.88,RV,RV,RV,0,0,0.00,0,0,0.00,31,35,88.57
3306015,Izard Co. Cons. High School,30,31,96.77,RV,RV,RV,0,0,0.00,0,0,0.00,0,0,0.00,0,0,0.00,29,30,96.67,0,0,0.00,19,20,95.00,RV,RV,RV,0,0,0.00,0,0,0.00,20,21,95.24
3403013,Newport High School,91,109,83.49,RV,RV,RV,0,0,0.00,RV,RV,RV,40,49,81.63,0,0,0.00,47,54,87.04,0,0,0.00,56,68,82.35,9,10,90.00,RV,RV,RV,RV,RV,RV,58,71,81.69
3405025,Tuckerman High School,47,55,85.45,RV,RV,RV,RV,RV,RV,0,0,0.00,RV,RV,RV,0,0,0.00,44,52,84.62,0,0,0.00,32,38,84.21,RV,RV,RV,RV,RV,RV,0,0,0.00,34,41,82.93
3502010,Dollarway High School,96,120,80.00,0,0,0.00,0,0,0.00,0,0,0.00,93,114,81.58,0,0,0.00,RV,RV,RV,0,0,0.00,92,113,81.42,10,12,83.33,0,0,0.00,0,0,0.00,92,114,80.70
3505042,Pine Bluff High School,240,337,71.22,RV,RV,RV,0,0,0.00,0,0,0.00,233,327,71.25,0,0,0.00,RV,RV,RV,RV,RV,RV,176,251,70.12,27,38,71.05,0,0,0.00,0,0,0.00,181,257,70.43
3509067,Watson Chapel High School,216,246,87.80,RV,RV,RV,0,0,0.00,RV,RV,RV,161,179,89.94,0,0,0.00,53,64,82.81,RV,RV,RV,126,139,90.65,9,11,81.82,0,0,0.00,0,0,0.00,128,142,90.14
3510076,White Hall High School,223,237,94.09,RV,RV,RV,RV,RV,RV,RV,RV,RV,39,40,97.50,0,0,0.00,171,182,93.96,RV,RV,RV,70,82,85.37,19,21,90.48,0,0,0.00,0,0,0.00,76,88,86.36
3601005,Clarksville High School,161,188,85.64,48,53,90.57,RV,RV,RV,RV,RV,RV,RV,RV,RV,0,0,0.00,98,116,84.48,RV,RV,RV,99,114,86.84,10,13,76.92,RV,RV,RV,RV,RV,RV,100,115,86.96
3604019,Lamar High School,83,90,92.22,RV,RV,RV,0,0,0.00,RV,RV,RV,RV,RV,RV,RV,RV,RV,75,81,92.59,0,0,0.00,47,50,94.00,RV,RV,RV,0,0,0.00,RV,RV,RV,48,51,94.12
3606026,Westside High School,48,57,84.21,RV,RV,RV,0,0,0.00,RV,RV,RV,0,0,0.00,0,0,0.00,45,54,83.33,0,0,0.00,48,56,85.71,RV,RV,RV,0,0,0.00,RV,RV,RV,48,56,85.71
3704013,Lafayette County High School,43,56,76.79,RV,RV,RV,0,0,0.00,0,0,0.00,25,35,71.43,0,0,0.00,16,18,88.89,0,0,0.00,34,43,79.07,RV,RV,RV,RV,RV,RV,0,0,0.00,36,45,80.00
3804010,Hoxie High School,68,75,90.67,RV,RV,RV,0,0,0.00,0,0,0.00,0,0,0.00,0,0,0.00,65,71,91.55,RV,RV,RV,42,48,87.50,7,10,70.00,0,0,0.00,0,0,0.00,43,49,87.76
3806019,Sloan-Hendrix High School,45,51,88.24,RV,RV,RV,0,0,0.00,0,0,0.00,0,0,0.00,0,0,0.00,44,50,88.00,0,0,0.00,27,31,87.10,RV,RV,RV,0,0,0.00,0,0,0.00,28,32,87.50
3809023,Hillcrest High School,39,43,90.70,RV,RV,RV,0,0,0.00,0,0,0.00,0,0,0.00,0,0,0.00,38,42,90.48,0,0,0.00,21,24,87.50,RV,RV,RV,0,0,0.00,0,0,0.00,23,26,88.46
3810027,Walnut Ridge High School,60,70,85.71,0,0,0.00,0,0,0.00,0,0,0.00,0,0,0.00,0,0,0.00,60,69,86.96,RV,RV,RV,32,37,86.49,RV,RV,RV,0,0,0.00,0,0,0.00,33,38,86.84
3904011,Lee High School,50,60,83.33,RV,RV,RV,0,0,0.00,0,0,0.00,48,57,84.21,0,0,0.00,RV,RV,RV,0,0,0.00,49,59,83.05,10,14,71.43,0,0,0.00,0,0,0.00,49,59,83.05
4003016,Star City High School,109,116,93.97,RV,RV,RV,0,0,0.00,0,0,0.00,27,29,93.10,0,0,0.00,79,84,94.05,0,0,0.00,64,68,94.12,RV,RV,RV,0,0,0.00,RV,RV,RV,65,69,94.20
4101004,Ashdown High School,92,106,86.79,RV,RV,RV,RV,RV,RV,0,0,0.00,33,37,89.19,0,0,0.00,53,61,86.89,RV,RV,RV,44,49,89.80,RV,RV,RV,0,0,0.00,0,0,0.00,48,53,90.57
4102010,Foreman High School,42,45,93.33,RV,RV,RV,RV,RV,RV,0,0,0.00,RV,RV,RV,0,0,0.00,33,35,94.29,0,0,0.00,25,27,92.59,10,11,90.91,0,0,0.00,0,0,0.00,29,31,93.55
4201002,Booneville High School,100,104,96.15,RV,RV,RV,0,0,0.00,RV,RV,RV,0,0,0.00,0,0,0.00,92,95,96.84,0,0,0.00,66,69,95.65,10,12,83.33,0,0,0.00,RV,RV,RV,67,70,95.71
4202008,J.D. Leftwich High School,39,47,82.98,0,0,0.00,0,0,0.00,RV,RV,RV,0,0,0.00,0,0,0.00,33,41,80.49,0,0,0.00,28,33,84.85,RV,RV,RV,RV,RV,RV,RV,RV,RV,28,34,82.35
4203012,Paris High School,80,86,93.02,RV,RV,RV,0,0,0.00,RV,RV,RV,RV,RV,RV,RV,RV,RV,68,72,94.44,RV,RV,RV,49,54,90.74,10,11,90.91,RV,RV,RV,RV,RV,RV,54,59,91.53
4204019,Scranton High School,32,33,96.97,RV,RV,RV,0,0,0.00,RV,RV,RV,0,0,0.00,0,0,0.00,29,30,96.67,RV,RV,RV,13,14,92.86,RV,RV,RV,0,0,0.00,RV,RV,RV,14,15,93.33
4301029,Lonoke High School,148,177,83.62,RV,RV,RV,0,0,0.00,0,0,0.00,30,36,83.33,0,0,0.00,105,127,82.68,RV,RV,RV,65,83,78.31,13,16,81.25,0,0,0.00,RV,RV,RV,66,84,78.57
4302018,England High School,44,56,78.57,RV,RV,RV,0,0,0.00,0,0,0.00,22,24,91.67,0,0,0.00,21,31,67.74,0,0,0.00,32,38,84.21,10,13,76.92,0,0,0.00,0,0,0.00,32,39,82.05
4303013,Carlisle High School,46,58,79.31,RV,RV,RV,0,0,0.00,0,0,0.00,RV,RV,RV,0,0,0.00,40,52,76.92,0,0,0.00,20,28,71.43,RV,RV,RV,0,0,0.00,0,0,0.00,22,30,73.33
4304005,Cabot High School,563,629,89.51,29,36,80.56,RV,RV,RV,RV,RV,RV,13,14,92.86,RV,RV,RV,510,565,90.27,RV,RV,RV,111,144,77.08,53,66,80.30,RV,RV,RV,RV,RV,RV,144,181,79.56
4304703,Academic Center For Excellence,77,132,58.33,RV,RV,RV,0,0,0.00,RV,RV,RV,RV,RV,RV,0,0,0.00,72,124,58.06,0,0,0.00,23,48,47.92,8,14,57.14,RV,RV,RV,RV,RV,RV,30,57,52.63
4401003,Huntsville High School,131,154,85.06,6,10,60.00,RV,RV,RV,RV,RV,RV,RV,RV,RV,0,0,0.00,119,137,86.86,RV,RV,RV,54,66,81.82,10,15,66.67,RV,RV,RV,RV,RV,RV,60,76,78.95
4401012,St. Paul High School,18,18,100.00,0,0,0.00,RV,RV,RV,0,0,0.00,0,0,0.00,0,0,0.00,17,17,100.00,0,0,0.00,11,11,100.00,RV,RV,RV,RV,RV,RV,0,0,0.00,12,12,100.00
4501002,Flippin High School,54,64,84.38,RV,RV,RV,0,0,0.00,0,0,0.00,0,0,0.00,0,0,0.00,52,61,85.25,0,0,0.00,24,32,75.00,RV,RV,RV,0,0,0.00,0,0,0.00,27,35,77.14
4502006,Yellville-Summit High School,65,68,95.59,RV,RV,RV,0,0,0.00,0,0,0.00,0,0,0.00,RV,RV,RV,62,65,95.38,RV,RV,RV,39,40,97.50,RV,RV,RV,0,0,0.00,0,0,0.00,40,41,97.56
4602006,Genoa Central High School,63,70,90.00,RV,RV,RV,RV,RV,RV,0,0,0.00,RV,RV,RV,0,0,0.00,59,66,89.39,0,0,0.00,33,37,89.19,RV,RV,RV,0,0,0.00,0,0,0.00,33,38,86.84
4603010,Fouke High School,71,74,95.95,RV,RV,RV,0,0,0.00,0,0,0.00,0,0,0.00,0,0,0.00,70,73,95.89,0,0,0.00,28,30,93.33,RV,RV,RV,0,0,0.00,0,0,0.00,34,36,94.44
4605026,Arkansas High School,216,284,76.06,16,17,94.12,0,0,0.00,RV,RV,RV,98,138,71.01,0,0,0.00,93,118,78.81,8,10,80.00,105,141,74.47,12,16,75.00,0,0,0.00,RV,RV,RV,112,150,74.67
4605703,Washington Academy,35,59,59.32,RV,RV,RV,0,0,0.00,0,0,0.00,26,42,61.90,0,0,0.00,8,14,57.14,RV,RV,RV,23,31,74.19,RV,RV,RV,0,0,0.00,0,0,0.00,24,33,72.73
4701002,Armorel High School,41,48,85.42,RV,RV,RV,0,0,0.00,RV,RV,RV,RV,RV,RV,0,0,0.00,32,36,88.89,0,0,0.00,10,12,83.33,RV,RV,RV,0,0,0.00,0,0,0.00,12,14,85.71
4702706,Blytheville High School-a New Tech School,150,175,85.71,RV,RV,RV,0,0,0.00,RV,RV,RV,125,147,85.03,0,0,0.00,22,23,95.65,0,0,0.00,144,164,87.80,17,23,73.91,RV,RV,RV,RV,RV,RV,144,165,87.27
4706066,Rivercrest High School,95,122,77.87,RV,RV,RV,0,0,0.00,0,0,0.00,21,27,77.78,0,0,0.00,71,90,78.89,0,0,0.00,60,81,74.07,7,10,70.00,RV,RV,RV,0,0,0.00,61,82,74.39
4708031,Gosnell High School,79,87,90.80,RV,RV,RV,0,0,0.00,0,0,0.00,28,31,90.32,0,0,0.00,47,52,90.38,RV,RV,RV,46,51,90.20,RV,RV,RV,RV,RV,RV,0,0,0.00,48,53,90.57
4712044,Manila High School,82,85,96.47,RV,RV,RV,0,0,0.00,0,0,0.00,0,0,0.00,0,0,0.00,75,78,96.15,0,0,0.00,52,54,96.30,17,17,100.00,RV,RV,RV,0,0,0.00,57,59,96.61
4713051,Osceola High School,88,112,78.57,0,0,0.00,0,0,0.00,0,0,0.00,71,91,78.02,0,0,0.00,14,17,82.35,RV,RV,RV,86,105,81.90,15,19,78.95,0,0,0.00,0,0,0.00,86,106,81.13
4801003,Brinkley High School,40,47,85.11,0,0,0.00,0,0,0.00,RV,RV,RV,23,29,79.31,0,0,0.00,15,16,93.75,RV,RV,RV,39,45,86.67,RV,RV,RV,0,0,0.00,RV,RV,RV,39,45,86.67
4802010,Clarendon High School,41,49,83.67,RV,RV,RV,0,0,0.00,0,0,0.00,29,34,85.29,0,0,0.00,11,14,78.57,0,0,0.00,36,40,90.00,RV,RV,RV,0,0,0.00,0,0,0.00,37,42,88.10
4901003,Caddo Hills High School,28,36,77.78,RV,RV,RV,0,0,0.00,0,0,0.00,0,0,0.00,0,0,0.00,24,32,75.00,0,0,0.00,20,28,71.43,RV,RV,RV,0,0,0.00,0,0,0.00,21,29,72.41
4902007,Mount Ida High School,36,41,87.80,0,0,0.00,0,0,0.00,0,0,0.00,0,0,0.00,0,0,0.00,36,41,87.80,0,0,0.00,22,24,91.67,RV,RV,RV,0,0,0.00,0,0,0.00,22,25,88.00
5006024,Prescott High School,57,67,85.07,RV,RV,RV,0,0,0.00,RV,RV,RV,25,28,89.29,0,0,0.00,28,35,80.00,0,0,0.00,34,43,79.07,RV,RV,RV,0,0,0.00,RV,RV,RV,37,46,80.43
5008014,Nevada High School,27,29,93.10,0,0,0.00,0,0,0.00,0,0,0.00,17,17,100.00,0,0,0.00,8,10,80.00,RV,RV,RV,18,20,90.00,RV,RV,RV,0,0,0.00,0,0,0.00,19,21,90.48
5102006,Jasper High School,35,41,85.37,0,0,0.00,0,0,0.00,0,0,0.00,0,0,0.00,RV,RV,RV,34,40,85.00,0,0,0.00,22,24,91.67,RV,RV,RV,RV,RV,RV,0,0,0.00,22,24,91.67
5102008,Kingston High School,18,18,100.00,0,0,0.00,RV,RV,RV,0,0,0.00,0,0,0.00,0,0,0.00,16,16,100.00,0,0,0.00,RV,RV,RV,0,0,0.00,0,0,0.00,0,0,0.00,RV,RV,RV
5102024,Oark High School,10,12,83.33,0,0,0.00,0,0,0.00,0,0,0.00,0,0,0.00,0,0,0.00,10,12,83.33,0,0,0.00,RV,RV,RV,RV,RV,RV,0,0,0.00,0,0,0.00,RV,RV,RV
5106002,Deer High School,14,14,100.00,0,0,0.00,0,0,0.00,0,0,0.00,0,0,0.00,0,0,0.00,13,13,100.00,RV,RV,RV,RV,RV,RV,RV,RV,RV,RV,RV,RV,0,0,0.00,RV,RV,RV
5106010,Mount Judea High School,16,16,100.00,0,0,0.00,0,0,0.00,0,0,0.00,RV,RV,RV,0,0,0.00,15,15,100.00,0,0,0.00,12,12,100.00,RV,RV,RV,0,0,0.00,0,0,0.00,12,12,100.00
5201002,Bearden High School,47,53,88.68,0,0,0.00,0,0,0.00,0,0,0.00,24,25,96.00,0,0,0.00,23,28,82.14,0,0,0.00,30,35,85.71,RV,RV,RV,0,0,0.00,0,0,0.00,30,35,85.71
5204023,Camden Fairview High School,146,171,85.38,RV,RV,RV,0,0,0.00,RV,RV,RV,93,106,87.74,RV,RV,RV,46,57,80.70,0,0,0.00,83,100,83.00,14,15,93.33,0,0,0.00,0,0,0.00,87,104,83.65
5205012,Sparkman High School,17,17,100.00,RV,RV,RV,0,0,0.00,0,0,0.00,RV,RV,RV,0,0,0.00,12,12,100.00,0,0,0.00,RV,RV,RV,RV,RV,RV,0,0,0.00,0,0,0.00,RV,RV,RV
5205029,Harmony Grove High School,50,56,89.29,RV,RV,RV,0,0,0.00,0,0,0.00,RV,RV,RV,0,0,0.00,40,45,88.89,RV,RV,RV,26,28,92.86,RV,RV,RV,0,0,0.00,0,0,0.00,27,30,90.00
5301002,Bigelow High School,38,45,84.44,RV,RV,RV,RV,RV,RV,0,0,0.00,RV,RV,RV,0,0,0.00,32,39,82.05,0,0,0.00,15,20,75.00,RV,RV,RV,0,0,0.00,0,0,0.00,17,22,77.27
5303011,Perryville High School,81,94,86.17,0,0,0.00,0,0,0.00,0,0,0.00,0,0,0.00,0,0,0.00,81,94,86.17,0,0,0.00,31,38,81.58,11,12,91.67,0,0,0.00,0,0,0.00,36,43,83.72
5401003,Barton High School,59,67,88.06,0,0,0.00,0,0,0.00,0,0,0.00,34,37,91.89,0,0,0.00,25,30,83.33,0,0,0.00,40,47,85.11,RV,RV,RV,RV,RV,RV,0,0,0.00,40,47,85.11
5403019,Central High School,116,150,77.33,0,0,0.00,0,0,0.00,0,0,0.00,115,146,78.77,0,0,0.00,RV,RV,RV,0,0,0.00,104,136,76.47,9,18,50.00,RV,RV,RV,0,0,0.00,104,137,75.91
5404032,Marvell-Elaine High School,34,48,70.83,0,0,0.00,0,0,0.00,0,0,0.00,28,39,71.79,0,0,0.00,RV,RV,RV,0,0,0.00,29,39,74.36,RV,RV,RV,0,0,0.00,0,0,0.00,29,39,74.36
5440703,Kipp Delta Collegiate High Sch,35,43,81.40,0,0,0.00,0,0,0.00,0,0,0.00,34,42,80.95,0,0,0.00,0,0,0.00,RV,RV,RV,26,34,76.47,0,0,0.00,0,0,0.00,0,0,0.00,26,34,76.47
5502010,Centerpoint High School,73,76,96.05,16,16,100.00,0,0,0.00,0,0,0.00,0,0,0.00,0,0,0.00,53,56,94.64,RV,RV,RV,42,44,95.45,9,10,90.00,RV,RV,RV,RV,RV,RV,46,49,93.88
5503011,Kirby High School,40,45,88.89,0,0,0.00,0,0,0.00,RV,RV,RV,RV,RV,RV,0,0,0.00,38,43,88.37,0,0,0.00,19,23,82.61,RV,RV,RV,0,0,0.00,0,0,0.00,21,25,84.00
5504015,Murfreesboro High School,51,55,92.73,RV,RV,RV,RV,RV,RV,0,0,0.00,RV,RV,RV,0,0,0.00,44,48,91.67,0,0,0.00,31,31,100.00,RV,RV,RV,0,0,0.00,0,0,0.00,34,34,100.00
5602007,Harrisburg High School,79,103,76.70,RV,RV,RV,0,0,0.00,0,0,0.00,RV,RV,RV,0,0,0.00,76,99,76.77,0,0,0.00,78,98,79.59,RV,RV,RV,RV,RV,RV,0,0,0.00,78,98,79.59
5604017,Marked Tree High School,37,42,88.10,0,0,0.00,0,0,0.00,0,0,0.00,11,12,91.67,0,0,0.00,26,30,86.67,0,0,0.00,22,26,84.62,RV,RV,RV,0,0,0.00,0,0,0.00,23,27,85.19
5605023,Trumann High School,95,116,81.90,RV,RV,RV,0,0,0.00,0,0,0.00,12,15,80.00,RV,RV,RV,78,95,82.11,0,0,0.00,67,82,81.71,14,16,87.50,RV,RV,RV,0,0,0.00,69,85,81.18
5608037,East Poinsett Co. High School,46,52,88.46,RV,RV,RV,0,0,0.00,0,0,0.00,RV,RV,RV,0,0,0.00,35,39,89.74,RV,RV,RV,31,35,88.57,RV,RV,RV,0,0,0.00,0,0,0.00,34,38,89.47
5703012,Mena High School,148,158,93.67,RV,RV,RV,RV,RV,RV,RV,RV,RV,RV,RV,RV,0,0,0.00,136,145,93.79,0,0,0.00,66,73,90.41,RV,RV,RV,0,0,0.00,0,0,0.00,67,74,90.54
5706002,Acorn High School,39,49,79.59,RV,RV,RV,RV,RV,RV,10,10,100.00,0,0,0.00,0,0,0.00,26,34,76.47,RV,RV,RV,14,18,77.78,RV,RV,RV,RV,RV,RV,0,0,0.00,14,19,73.68
5706011,Oden High School,14,15,93.33,0,0,0.00,0,0,0.00,RV,RV,RV,0,0,0.00,0,0,0.00,12,13,92.31,RV,RV,RV,RV,RV,RV,RV,RV,RV,0,0,0.00,0,0,0.00,RV,RV,RV
5707017,Umpire High School,RV,RV,RV,RV,RV,RV,0,0,0.00,0,0,0.00,0,0,0.00,0,0,0.00,0,0,0.00,0,0,0.00,RV,RV,RV,0,0,0.00,0,0,0.00,RV,RV,RV,RV,RV,RV
5707023,Cossatot River High School,73,77,94.81,14,14,100.00,RV,RV,RV,RV,RV,100.00,0,0,0.00,0,0,0.00,54,57,94.74,RV,RV,RV,68,72,94.44,RV,RV,RV,0,0,0.00,10,10,100.00,68,72,94.44
5801002,Atkins High School,56,71,78.87,RV,RV,RV,0,0,0.00,0,0,0.00,RV,RV,RV,0,0,0.00,53,67,79.10,RV,RV,RV,28,41,68.29,RV,RV,RV,RV,RV,RV,0,0,0.00,32,45,71.11
5802006,Dover High School,91,105,86.67,RV,RV,RV,RV,RV,RV,0,0,0.00,RV,RV,RV,0,0,0.00,87,99,87.88,0,0,0.00,50,57,87.72,RV,RV,RV,0,0,0.00,RV,RV,RV,51,58,87.93
5803010,Hector High School,36,40,90.00,RV,RV,RV,0,0,0.00,0,0,0.00,0,0,0.00,0,0,0.00,34,38,89.47,RV,RV,RV,23,25,92.00,RV,RV,RV,0,0,0.00,RV,RV,RV,24,26,92.31
5804014,Pottsville High School,101,107,94.39,RV,RV,RV,RV,RV,RV,RV,RV,RV,RV,RV,RV,0,0,0.00,94,100,94.00,0,0,0.00,36,37,97.30,RV,RV,RV,0,0,0.00,RV,RV,RV,40,41,97.56
5805024,Russellville High School,352,431,81.67,65,78,83.33,RV,RV,RV,RV,RV,RV,20,27,74.07,RV,RV,RV,250,305,81.97,RV,RV,RV,136,174,78.16,17,24,70.83,RV,RV,RV,29,31,93.55,150,192,78.13
5901002,Des Arc High School,48,55,87.27,RV,RV,RV,0,0,0.00,0,0,0.00,9,12,75.00,0,0,0.00,38,42,90.48,0,0,0.00,27,32,84.38,RV,RV,RV,0,0,0.00,0,0,0.00,28,35,80.00
5903012,Hazen High School,51,64,79.69,0,0,0.00,0,0,0.00,RV,RV,RV,13,20,65.00,0,0,0.00,37,43,86.05,0,0,0.00,22,32,68.75,RV,RV,RV,0,0,0.00,0,0,0.00,25,35,71.43
6001001,Central High School,569,658,86.47,27,32,84.38,RV,RV,RV,56,58,96.55,275,340,80.88,0,0,0.00,201,218,92.20,RV,RV,RV,228,276,82.61,29,38,76.32,0,0,0.00,RV,RV,RV,239,290,82.41
6001002,Hall High School,191,365,52.33,26,59,44.07,0,0,0.00,RV,RV,RV,152,267,56.93,0,0,0.00,11,32,34.38,RV,RV,RV,151,238,63.45,40,55,72.73,0,0,0.00,19,34,55.88,160,258,62.02
6001005,Parkview Magnet High School,213,234,91.03,26,30,86.67,RV,RV,RV,11,12,91.67,117,125,93.60,0,0,0.00,51,59,86.44,RV,RV,RV,115,129,89.15,RV,RV,RV,0,0,0.00,13,16,81.25,121,136,88.97
6001063,J.A. Fair High School,150,201,74.63,14,18,77.78,0,0,0.00,RV,RV,RV,122,166,73.49,0,0,0.00,10,12,83.33,RV,RV,RV,109,147,74.15,20,24,83.33,0,0,0.00,7,11,63.64,116,156,74.36
6001064,Mcclellan Magnet High School,185,312,59.29,12,28,42.86,RV,RV,RV,RV,RV,RV,167,266,62.78,0,0,0.00,6,16,37.50,0,0,0.00,147,212,69.34,30,40,75.00,0,0,0.00,8,11,72.73,152,219,69.41
6002080,North Little Rock Academy,5,48,10.42,RV,RV,RV,0,0,0.00,0,0,0.00,4,42,9.52,0,0,0.00,RV,RV,RV,0,0,0.00,3,36,8.33,RV,RV,RV,0,0,0.00,RV,RV,RV,4,39,10.26
6002082,North Little Rock High School,471,554,85.02,38,46,82.61,RV,RV,RV,12,12,100.00,242,299,80.94,0,0,0.00,177,194,91.24,RV,RV,RV,235,296,79.39,27,33,81.82,0,0,0.00,15,18,83.33,244,306,79.74
6003123,Jacksonville High School,185,264,70.08,10,14,71.43,RV,RV,RV,RV,RV,RV,101,148,68.24,RV,RV,RV,58,84,69.05,11,12,91.67,98,148,66.22,25,34,73.53,0,0,0.00,RV,RV,RV,114,165,69.09
6003125,Wilbur D. Mills High School,150,213,70.42,8,17,47.06,0,0,0.00,RV,RV,RV,103,135,76.30,0,0,0.00,38,59,64.41,RV,RV,RV,60,91,65.93,11,12,91.67,0,0,0.00,RV,RV,RV,65,98,66.33
6003127,Joe T. Robinson High School,106,139,76.26,RV,RV,RV,RV,RV,RV,RV,RV,RV,52,67,77.61,0,0,0.00,43,57,75.44,RV,RV,RV,44,62,70.97,17,23,73.91,0,0,0.00,RV,RV,RV,57,77,74.03
6003128,Sylvan Hills High School,165,246,67.07,6,12,50.00,RV,RV,RV,RV,RV,RV,73,117,62.39,0,0,0.00,78,106,73.58,RV,RV,RV,46,90,51.11,12,21,57.14,0,0,0.00,RV,RV,RV,56,103,54.37
6003136,North Pulaski High School,153,222,68.92,10,14,71.43,0,0,0.00,RV,RV,RV,58,87,66.67,RV,RV,RV,72,106,67.92,RV,RV,RV,30,67,44.78,18,26,69.23,RV,RV,RV,RV,RV,RV,45,84,53.57
6003151,Maumelle High School,234,300,78.00,9,15,60.00,RV,RV,RV,RV,RV,RV,114,149,76.51,0,0,0.00,100,124,80.65,RV,RV,RV,82,108,75.93,17,21,80.95,0,0,0.00,RV,RV,RV,93,120,77.50
6040703,Academics Plus High,30,31,96.77,0,0,0.00,RV,RV,RV,0,0,0.00,RV,RV,RV,0,0,0.00,20,21,95.24,0,0,0.00,RV,RV,RV,0,0,0.00,0,0,0.00,0,0,0.00,RV,RV,RV
6041703,Lisa Academy High,41,41,100.00,RV,RV,RV,0,0,0.00,RV,RV,RV,18,18,100.00,0,0,0.00,15,15,100.00,0,0,0.00,13,13,100.00,RV,RV,RV,0,0,0.00,0,0,0.00,14,14,100.00
6041706,Lisa Academy North High Charter School,16,16,100.00,0,0,0.00,0,0,0.00,RV,RV,RV,RV,RV,100.00,0,0,0.00,12,12,100.00,0,0,0.00,RV,RV,RV,0,0,0.00,0,0,0.00,0,0,0.00,RV,RV,RV
6047703,Estem High Charter,126,128,98.44,RV,RV,RV,0,0,0.00,RV,RV,RV,69,69,100.00,0,0,0.00,35,37,94.59,12,12,100.00,43,44,97.73,RV,RV,RV,0,0,0.00,RV,RV,RV,47,48,97.92
6052703,Siatech High Charter,23,142,16.20,RV,RV,RV,0,0,0.00,RV,RV,RV,18,110,16.36,0,0,0.00,5,24,20.83,0,0,0.00,15,77,19.48,RV,RV,RV,0,0,0.00,0,0,0.00,15,79,18.99
6053703,Premier High School Of Little Rock,10,28,35.71,RV,RV,RV,0,0,0.00,0,0,0.00,9,27,33.33,0,0,0.00,0,0,0.00,0,0,0.00,7,21,33.33,RV,RV,RV,0,0,0.00,0,0,0.00,7,21,33.33
6091002,Ark. School For The Blind H.S.,RV,RV,RV,0,0,0.00,0,0,0.00,0,0,0.00,RV,RV,RV,0,0,0.00,RV,RV,RV,0,0,0.00,RV,RV,RV,RV,RV,RV,0,0,0.00,0,0,0.00,RV,RV,RV
6092002,Ark. School For The Deaf H.S.,RV,RV,RV,RV,RV,RV,0,0,0.00,0,0,0.00,0,0,0.00,0,0,0.00,RV,RV,RV,0,0,0.00,RV,RV,RV,RV,RV,RV,0,0,0.00,0,0,0.00,RV,RV,RV
6094001,Arkansas Consolidated High School-Alexander,3,30,10.00,0,0,0.00,0,0,0.00,0,0,0.00,1,16,6.25,0,0,0.00,2,14,14.29,0,0,0.00,1,19,5.26,RV,RV,RV,0,0,0.00,0,0,0.00,2,20,10.00
6094004,Arkansas Consolidated High School-Lewisville,RV,RV,RV,RV,RV,RV,0,0,0.00,0,0,0.00,RV,RV,RV,0,0,0.00,RV,RV,RV,0,0,0.00,RV,RV,RV,0,0,0.00,0,0,0.00,0,0,0.00,RV,RV,RV
6094006,Arkansas Consolidated High School-Harrisburg,RV,RV,RV,0,0,0.00,0,0,0.00,0,0,0.00,RV,RV,RV,0,0,0.00,RV,RV,RV,0,0,0.00,RV,RV,RV,RV,RV,RV,0,0,0.00,0,0,0.00,RV,RV,RV
6094007,Arkansas Consolidated High School-Colt,RV,RV,RV,0,0,0.00,0,0,0.00,0,0,0.00,RV,RV,RV,0,0,0.00,RV,RV,RV,0,0,0.00,RV,RV,RV,0,0,0.00,0,0,0.00,0,0,0.00,RV,RV,RV
6102006,Maynard High School,33,36,91.67,0,0,0.00,0,0,0.00,0,0,0.00,0,0,0.00,0,0,0.00,32,34,94.12,RV,RV,RV,32,34,94.12,RV,RV,RV,0,0,0.00,0,0,0.00,32,34,94.12
6103010,Pocahontas High School,115,135,85.19,RV,RV,RV,0,0,0.00,0,0,0.00,RV,RV,RV,0,0,0.00,109,125,87.20,RV,RV,RV,49,67,73.13,RV,RV,RV,0,0,0.00,0,0,0.00,53,71,74.65
6201011,Forrest City High School,186,239,77.82,RV,RV,RV,RV,RV,RV,0,0,0.00,155,193,80.31,0,0,0.00,29,43,67.44,0,0,0.00,180,224,80.36,23,28,82.14,0,0,0.00,RV,RV,RV,180,225,80.00
6202024,Hughes High School,26,36,72.22,0,0,0.00,0,0,0.00,0,0,0.00,23,29,79.31,0,0,0.00,RV,RV,RV,0,0,0.00,25,29,86.21,RV,RV,RV,RV,RV,RV,0,0,0.00,25,29,86.21
6205028,Palestine-Wheatley Senior High,48,55,87.27,RV,RV,RV,0,0,0.00,0,0,0.00,RV,RV,RV,0,0,0.00,39,45,86.67,0,0,0.00,48,54,88.89,RV,RV,RV,0,0,0.00,0,0,0.00,48,54,88.89
6301002,Bauxite High School,111,116,95.69,RV,RV,RV,0,0,0.00,0,0,0.00,RV,RV,RV,0,0,0.00,100,105,95.24,RV,RV,RV,39,43,90.70,12,13,92.31,0,0,0.00,RV,RV,RV,42,46,91.30
6301703,Miner Academy,17,19,89.47,0,0,0.00,0,0,0.00,0,0,0.00,0,0,0.00,0,0,0.00,17,19,89.47,0,0,0.00,RV,RV,RV,RV,RV,RV,0,0,0.00,0,0,0.00,RV,RV,RV
6302012,Benton High School,334,357,93.56,18,23,78.26,RV,RV,RV,RV,RV,RV,31,32,96.88,0,0,0.00,274,291,94.16,RV,RV,RV,94,108,87.04,24,25,96.00,0,0,0.00,RV,RV,RV,109,123,88.62
6303022,Bryant High School,589,655,89.92,39,47,82.98,RV,RV,RV,14,14,100.00,76,86,88.37,0,0,0.00,457,504,90.67,RV,RV,RV,129,160,80.63,46,53,86.79,RV,RV,RV,15,17,88.24,157,193,81.35
6304030,Harmony Grove High School,82,92,89.13,RV,RV,RV,0,0,0.00,RV,RV,RV,0,0,0.00,0,0,0.00,76,85,89.41,RV,RV,RV,14,20,70.00,RV,RV,RV,0,0,0.00,0,0,0.00,17,23,73.91
6401003,Waldron High School,104,123,84.55,10,14,71.43,0,0,0.00,RV,RV,RV,RV,RV,RV,0,0,0.00,81,94,86.17,RV,RV,RV,69,80,86.25,RV,RV,RV,RV,RV,RV,8,10,80.00,69,81,85.19
6502006,Marshall High School,67,69,97.10,RV,RV,RV,RV,RV,RV,0,0,0.00,0,0,0.00,0,0,0.00,62,64,96.88,0,0,0.00,45,47,95.74,RV,RV,RV,0,0,0.00,0,0,0.00,45,47,95.74
6505010,St. Joe High School,19,19,100.00,0,0,0.00,RV,RV,RV,0,0,0.00,0,0,0.00,0,0,0.00,18,18,100.00,0,0,0.00,12,12,100.00,RV,RV,RV,0,0,0.00,0,0,0.00,14,14,100.00
6505011,Bruno-Pyatt High School,15,15,100.00,RV,RV,RV,0,0,0.00,0,0,0.00,0,0,0.00,0,0,0.00,12,12,100.00,0,0,0.00,RV,RV,RV,RV,RV,RV,0,0,0.00,0,0,0.00,RV,RV,RV
6505014,Western Grove High School,13,15,86.67,0,0,0.00,0,0,0.00,0,0,0.00,0,0,0.00,0,0,0.00,13,15,86.67,0,0,0.00,RV,RV,RV,RV,RV,RV,0,0,0.00,0,0,0.00,RV,RV,RV
6601005,Belle Point Alternative Center,5,68,7.35,2,13,15.38,RV,RV,RV,0,0,0.00,2,10,20.00,0,0,0.00,0,39,0.00,RV,RV,RV,5,50,10.00,RV,RV,RV,0,0,0.00,RV,RV,RV,5,50,10.00
6601024,Northside High School,440,535,82.24,187,227,82.38,RV,RV,RV,37,40,92.50,81,103,78.64,0,0,0.00,121,148,81.76,11,12,91.67,337,417,80.82,41,59,69.49,RV,RV,RV,133,160,83.13,347,431,80.51
6601025,Southside High School,485,541,89.65,67,75,89.33,RV,RV,RV,41,42,97.62,28,35,80.00,RV,RV,RV,298,332,89.76,46,52,88.46,161,192,83.85,34,47,72.34,RV,RV,RV,24,26,92.31,180,217,82.95
6602043,Greenwood High School,266,283,93.99,12,14,85.71,RV,RV,RV,RV,RV,RV,0,0,0.00,0,0,0.00,235,250,94.00,RV,RV,RV,55,63,87.30,13,15,86.67,RV,RV,RV,0,0,0.00,60,69,86.96
6603048,Hackett High School,44,46,95.65,RV,RV,RV,RV,RV,RV,0,0,0.00,RV,RV,RV,0,0,0.00,40,40,100.00,0,0,0.00,22,23,95.65,RV,RV,RV,0,0,0.00,0,0,0.00,23,24,95.83
6604052,Hartford High School,28,32,87.50,RV,RV,RV,RV,RV,RV,RV,RV,RV,0,0,0.00,0,0,0.00,22,24,91.67,0,0,0.00,28,31,90.32,RV,RV,RV,0,0,0.00,0,0,0.00,28,31,90.32
6605057,Lavaca High School,55,56,98.21,RV,RV,RV,0,0,0.00,RV,RV,RV,0,0,0.00,0,0,0.00,52,53,98.11,0,0,0.00,28,29,96.55,RV,RV,RV,0,0,0.00,0,0,0.00,30,31,96.77
6606062,Mansfield High School,75,91,82.42,RV,RV,RV,RV,RV,RV,RV,RV,RV,0,0,0.00,0,0,0.00,68,80,85.00,0,0,0.00,34,41,82.93,7,11,63.64,RV,RV,RV,0,0,0.00,36,46,78.26
6701003,Dequeen High School,146,158,92.41,79,81,97.53,RV,RV,RV,RV,RV,RV,RV,RV,RV,RV,RV,RV,54,60,90.00,0,0,0.00,86,93,92.47,RV,RV,RV,RV,RV,RV,26,28,92.86,90,98,91.84
6703013,Horatio High School,60,62,96.77,14,14,100.00,RV,RV,RV,0,0,0.00,0,0,0.00,0,0,0.00,44,46,95.65,0,0,0.00,36,38,94.74,RV,RV,RV,0,0,0.00,RV,RV,RV,38,40,95.00
6802002,Cave City High School,93,102,91.18,RV,RV,RV,0,0,0.00,RV,RV,RV,0,0,0.00,0,0,0.00,87,95,91.58,0,0,0.00,60,65,92.31,11,11,100.00,0,0,0.00,0,0,0.00,64,69,92.75
6804010,Highland High School,96,105,91.43,0,0,0.00,RV,RV,RV,RV,RV,RV,RV,RV,RV,0,0,0.00,94,102,92.16,0,0,0.00,54,59,91.53,10,10,100.00,0,0,0.00,0,0,0.00,56,61,91.80
6901007,Mountain View High School,81,86,94.19,RV,RV,RV,0,0,0.00,0,0,0.00,0,0,0.00,0,0,0.00,80,84,95.24,0,0,0.00,30,35,85.71,RV,RV,RV,0,0,0.00,0,0,0.00,33,38,86.84
6901012,Rural Special High School,RV,RV,RV,0,0,0.00,0,0,0.00,0,0,0.00,0,0,0.00,0,0,0.00,RV,RV,RV,0,0,0.00,RV,RV,RV,RV,RV,RV,0,0,0.00,0,0,0.00,RV,RV,RV
6901016,Timbo High School,RV,RV,RV,0,0,0.00,0,0,0.00,0,0,0.00,0,0,0.00,0,0,0.00,RV,RV,66.67,0,0,0.00,RV,RV,RV,RV,RV,RV,0,0,0.00,0,0,0.00,RV,RV,RV
7001012,El Dorado High School,272,355,76.62,22,25,88.00,0,0,0.00,RV,RV,RV,116,172,67.44,0,0,0.00,131,155,84.52,0,0,0.00,135,192,70.31,10,12,83.33,RV,RV,RV,10,11,90.91,140,197,71.07
7003028,Junction City High School,52,61,85.25,0,0,0.00,0,0,0.00,0,0,0.00,19,21,90.48,0,0,0.00,33,40,82.50,0,0,0.00,31,36,86.11,RV,RV,RV,0,0,0.00,0,0,0.00,32,37,86.49
7007040,Parkers Chapel High School,55,59,93.22,0,0,0.00,0,0,0.00,RV,RV,RV,RV,RV,RV,0,0,0.00,49,53,92.45,0,0,0.00,10,12,83.33,8,10,80.00,0,0,0.00,0,0,0.00,14,17,82.35
7008036,Norphlet High School,21,23,91.30,0,0,0.00,0,0,0.00,0,0,0.00,RV,RV,RV,0,0,0.00,18,20,90.00,0,0,0.00,RV,RV,RV,RV,RV,RV,0,0,0.00,0,0,0.00,RV,RV,RV
7008045,Smackover High School,64,73,87.67,RV,RV,RV,0,0,0.00,RV,RV,RV,17,20,85.00,0,0,0.00,45,49,91.84,0,0,0.00,27,32,84.38,RV,RV,RV,0,0,0.00,RV,RV,RV,27,32,84.38
7009049,Strong High School,29,32,90.63,RV,RV,RV,0,0,0.00,0,0,0.00,18,20,90.00,0,0,0.00,10,11,90.91,0,0,0.00,25,27,92.59,RV,RV,RV,0,0,0.00,0,0,0.00,25,27,92.59
7102006,Clinton High School,83,92,90.22,RV,RV,RV,0,0,0.00,0,0,0.00,RV,RV,RV,0,0,0.00,77,86,89.53,RV,RV,RV,47,55,85.45,RV,RV,RV,RV,RV,RV,RV,RV,RV,48,56,85.71
7104015,Shirley High School,34,37,91.89,0,0,0.00,0,0,0.00,0,0,0.00,RV,RV,RV,0,0,0.00,31,34,91.18,RV,RV,RV,22,25,88.00,RV,RV,RV,RV,RV,RV,0,0,0.00,23,26,88.46
7105019,South Side High School,40,48,83.33,RV,RV,RV,0,0,0.00,0,0,0.00,0,0,0.00,0,0,0.00,38,46,82.61,0,0,0.00,13,18,72.22,RV,RV,RV,0,0,0.00,0,0,0.00,15,20,75.00
7201002,Elkins High School,71,74,95.95,RV,RV,RV,RV,RV,RV,0,0,0.00,RV,RV,RV,0,0,0.00,64,67,95.52,0,0,0.00,19,20,95.00,RV,RV,RV,0,0,0.00,RV,RV,RV,25,26,96.15
7202006,Farmington High School,161,172,93.60,13,14,92.86,RV,RV,RV,0,0,0.00,RV,RV,RV,0,0,0.00,137,146,93.84,0,0,0.00,38,42,90.48,11,11,100.00,0,0,0.00,RV,RV,RV,45,49,91.84
7203020,Fayetteville High School,19,32,59.38,0,0,0.00,0,0,0.00,0,0,0.00,RV,RV,RV,0,0,0.00,15,28,53.57,0,0,0.00,RV,RV,RV,9,12,75.00,0,0,0.00,RV,RV,RV,12,16,75.00
7203020,Fayetteville High School East,598,740,80.81,64,88,72.73,RV,RV,RV,23,27,85.19,57,77,74.03,RV,RV,RV,439,528,83.14,11,13,84.62,158,218,72.48,48,69,69.57,0,0,0.00,27,34,79.41,189,258,73.26
7204028,Greenland High School,59,65,90.77,RV,RV,RV,0,0,0.00,0,0,0.00,RV,RV,RV,RV,RV,RV,53,59,89.83,0,0,0.00,31,36,86.11,RV,RV,RV,0,0,0.00,RV,RV,RV,31,37,83.78
7205706,Lincoln New Tech High School,89,99,89.90,RV,RV,RV,RV,RV,RV,RV,RV,RV,RV,RV,0.00,RV,RV,RV,73,79,92.41,0,0,0.00,52,57,91.23,10,10,100.00,RV,RV,RV,RV,RV,RV,54,60,90.00
7206036,Prairie Grove High School,118,127,92.91,RV,RV,RV,RV,RV,RV,RV,RV,RV,0,0,0.00,0,0,0.00,110,119,92.44,0,0,0.00,39,44,88.64,12,13,92.31,0,0,0.00,RV,RV,RV,46,51,90.20
7207049,Springdale High School,698,823,84.81,372,418,89.00,RV,RV,RV,12,13,92.31,20,26,76.92,57,82,69.51,227,270,84.07,7,10,70.00,450,523,86.04,53,74,71.62,RV,RV,RV,275,318,86.48,504,590,85.42
7207062,Har-ber High School,540,613,88.09,129,161,80.12,RV,RV,RV,13,14,92.86,10,11,90.91,15,32,46.88,359,381,94.23,12,12,100.00,168,208,80.77,32,41,78.05,RV,RV,RV,75,88,85.23,203,246,82.52
7208062,West Fork High School,79,87,90.80,RV,RV,RV,RV,RV,RV,RV,RV,RV,0,0,0.00,0,0,0.00,73,80,91.25,RV,RV,RV,42,48,87.50,RV,RV,RV,0,0,0.00,0,0,0.00,42,48,87.50
7240703,Haas Hall Academy,64,66,96.97,RV,RV,RV,RV,RV,RV,RV,RV,RV,RV,RV,RV,0,0,0.00,54,56,96.43,0,0,0.00,0,0,0.00,0,0,0.00,0,0,0.00,0,0,0.00,0,0,0.00
7301003,Bald Knob High School,95,105,90.48,RV,RV,RV,0,0,0.00,0,0,0.00,0,0,0.00,0,0,0.00,91,101,90.10,RV,RV,RV,44,52,84.62,15,18,83.33,RV,RV,RV,0,0,0.00,48,57,84.21
7302010,Beebe High School,190,231,82.25,RV,RV,RV,RV,RV,RV,RV,RV,RV,RV,RV,RV,0,0,0.00,171,210,81.43,RV,RV,RV,53,75,70.67,20,27,74.07,RV,RV,RV,RV,RV,RV,68,91,74.73
7302703,Badger Academy,RV,RV,RV,0,0,0.00,0,0,0.00,0,0,0.00,0,0,0.00,0,0,0.00,RV,RV,RV,0,0,0.00,RV,RV,RV,0,0,0.00,0,0,0.00,0,0,0.00,RV,RV,RV
7303015,Bradford High School,35,35,100.00,0,0,0.00,0,0,0.00,0,0,0.00,0,0,0.00,0,0,0.00,35,35,100.00,0,0,0.00,26,26,100.00,RV,RV,RV,0,0,0.00,0,0,0.00,27,27,100.00
7304019,White Co. Central High School,39,43,90.70,RV,RV,RV,RV,RV,RV,0,0,0.00,0,0,0.00,0,0,0.00,35,38,92.11,0,0,0.00,23,25,92.00,RV,RV,RV,0,0,0.00,RV,RV,RV,24,27,88.89
7307032,Riverview High School,101,135,74.81,13,15,86.67,0,0,0.00,0,0,0.00,13,15,86.67,0,0,0.00,66,94,70.21,9,11,81.82,58,77,75.32,13,15,86.67,RV,RV,RV,RV,RV,RV,62,81,76.54
7309039,Pangburn High School,44,52,84.62,RV,RV,RV,0,0,0.00,0,0,0.00,0,0,0.00,0,0,0.00,42,50,84.00,0,0,0.00,16,21,76.19,RV,RV,RV,RV,RV,RV,RV,RV,RV,17,23,73.91
7310043,Rose Bud High School,56,68,82.35,RV,RV,RV,RV,RV,RV,RV,RV,RV,0,0,0.00,0,0,0.00,52,61,85.25,0,0,0.00,28,36,77.78,RV,RV,RV,0,0,0.00,0,0,0.00,28,36,77.78
7311052,Searcy High School,235,289,81.31,7,12,58.33,0,0,0.00,RV,RV,RV,16,28,57.14,0,0,0.00,205,241,85.06,RV,RV,RV,68,94,72.34,9,17,52.94,RV,RV,RV,RV,RV,RV,72,101,71.29
7401003,Augusta High School,25,29,86.21,0,0,0.00,0,0,0.00,0,0,0.00,19,20,95.00,0,0,0.00,RV,RV,RV,0,0,0.00,24,27,88.89,0,0,0.00,RV,RV,RV,0,0,0.00,24,27,88.89
7403013,McCrory High School,38,45,84.44,RV,RV,RV,0,0,0.00,0,0,0.00,RV,RV,RV,0,0,0.00,33,38,86.84,RV,RV,RV,23,28,82.14,RV,RV,RV,0,0,0.00,0,0,0.00,25,31,80.65
7503006,Danville High School,50,52,96.15,25,27,92.59,RV,RV,RV,RV,RV,RV,0,0,0.00,0,0,0.00,20,20,100.00,RV,RV,RV,36,36,100.00,RV,RV,RV,RV,RV,RV,11,11,100.00,36,37,97.30
7504011,Dardanelle High School,130,152,85.53,48,53,90.57,0,0,0.00,RV,RV,RV,RV,RV,RV,0,0,0.00,74,90,82.22,0,0,0.00,82,96,85.42,14,16,87.50,RV,RV,RV,29,34,85.29,85,102,83.33
7509033,Western Yell Co. High School,40,42,95.24,RV,RV,RV,0,0,0.00,RV,RV,RV,0,0,0.00,0,0,0.00,31,32,96.88,RV,RV,RV,26,28,92.86,RV,RV,RV,RV,RV,RV,RV,RV,RV,27,29,93.10
7510019,Two Rivers High School,67,84,79.76,RV,RV,RV,0,0,0.00,0,0,0.00,0,0,0.00,0,0,0.00,61,76,80.26,0,0,0.00,52,66,78.79,10,12,83.33,RV,RV,RV,RV,RV,RV,52,66,78.79